id;first_name;last_name;email;adress;logged_in;password
1;Pauline;Mathieu;Camille52@hotmail.fr;synthesize compressing;true;Loire networks paradigm
2;Samuel;Nicolas;Jocelyne_Collet38@yahoo.fr;world-class Adaptive;true;a Aquitaine iterate
3;Norbert;Fleury;Agneflte_Renaud26@yahoo.fr;d'Abbeville Jewelery;true;a quantify uniform
4;Salomé;Lucas;Adodat22@yahoo.fr;Cotton;false;Taiwan Wooden back-end
5;Ysaline;Brun;Argine.Julien@gmail.com;index;true;b
6;Aaron;Breton;Lionel22@hotmail.fr;Plastic;false;haptic
7;Acacie;Jean;Suzon.Paul24@hotmail.fr;payment;false;Agent overriding
8;Ismérie;Gaillard;Audrey10@yahoo.fr;magenta;true;Fantastic
9;Brunehilde;Mathieu;Galle_Dupont@gmail.com;Market Gorgeous;true;Niger Manager
10;Séverine;Collet;Mahaut_Benoit57@hotmail.fr;Licensed Stagiaire Nauru;true;deposit Checking Shoes
